번호,정답,배점,시대,검토필요,해설
1,3,1,전삼국,,
2,5,2,전삼국,,
3,2,2,고려,Y,
4,2,3,삼국,,
5,5,2,전삼국,,
6,5,3,남북국,,
7,5,2,전삼국,Y,
8,2,2,미분류,Y,
9,2,1,남북국,,
10,4,2,남북국,,
11,2,1,미분류,Y,
12,3,2,고려,,
13,1,3,조선,,
14,1,3,고려,,
15,4,2,미분류,Y,
16,2,2,미분류,Y,
17,1,2,조선,,
18,4,2,미분류,Y,
19,1,2,조선,Y,
20,1,2,조선,Y,
21,3,2,조선,,
22,4,3,조선,,
23,4,2,조선,Y,
24,3,1,조선,,
25,5,3,조선,,
26,2,1,미분류,Y,
27,2,1,고려,,
28,4,2,개항기,,
29,3,2,미분류,Y,
30,1,2,개항기,,
31,3,1,개항기,,
32,4,2,개항기,,
33,5,2,조선,Y,
34,1,3,개항기,,
35,4,3,미분류,Y,
36,4,2,개항기,Y,
37,4,1,일제강점기,,
38,3,2,미분류,Y,
39,2,2,해방이후,,
40,5,1,일제강점기,,
41,3,2,미분류,Y,
42,5,2,일제강점기,,
43,4,1,일제강점기,,
44,5,2,미분류,Y,
45,1,2,미분류,Y,
46,3,2,미분류,Y,
47,3,3,해방이후,,
48,5,2,해방이후,,
49,5,2,삼국,Y,
50,5,3,조선,,
